gt_norm,clean_mse,adv_mse,mse_ratio,clean_rel_l2,adv_rel_l2,rel_l2_ratio,clean_psnr,adv_psnr,clean_ssim,adv_ssim,clean_mae,adv_mae,clean_nrmse,adv_nrmse,clean_max_err,adv_max_err,clean_init_rel_l2,adv_init_rel_l2,init_rel_l2_ratio,clean_init_psnr,adv_init_psnr,clean_init_ssim,adv_init_ssim,clean_init_mae,adv_init_mae,pred_shift_rel_l2,init_shift_rel_l2,delta_l2,delta_linf,delta_mean_abs,delta_rel_l2,clean_sino_l2,adv_sino_l2,success_rel_l2,success_mse,clean_e_ran_l2,clean_e_nul_l2,clean_e_ran_frac,clean_e_nul_frac,adv_e_ran_l2,adv_e_nul_l2,adv_e_ran_frac,adv_e_nul_frac,clean_consistency_rel,adv_consistency_rel,clean_rel_l2_ran,clean_psnr_ran,clean_ssim_ran,clean_mae_ran,clean_nrmse_ran,clean_max_err_ran,clean_rel_l2_nul,clean_psnr_nul,clean_ssim_nul,clean_mae_nul,clean_nrmse_nul,clean_max_err_nul,adv_rel_l2_ran,adv_psnr_ran,adv_ssim_ran,adv_mae_ran,adv_nrmse_ran,adv_max_err_ran,adv_rel_l2_nul,adv_psnr_nul,adv_ssim_nul,adv_mae_nul,adv_nrmse_nul,adv_max_err_nul,clean_init_e_ran_l2,clean_init_e_nul_l2,clean_init_e_ran_frac,clean_init_e_nul_frac,adv_init_e_ran_l2,adv_init_e_nul_l2,adv_init_e_ran_frac,adv_init_e_nul_frac
8.085221290588379,9.051690597061679e-08,0.11482645571231842,1268563.6399192975,0.00476302532479167,5.364621162414551,1126.3054039397102,60.805028456140704,-0.22809413702844417,0.9994904340691093,0.013876239869541528,0.00014010965242050588,0.16482481360435486,0.0009114829746490746,1.0266081065609975,0.01122373342514038,5.029348373413086,0.1533147096633911,3.3229498863220215,21.67404480377452,30.651010250361487,3.932211094520266,0.6483953850146815,0.025055010181589527,0.005080454051494598,0.14495961368083954,5.365274429321289,3.3591248989105225,21.07929801940918,0.5752108693122864,0.07547195255756378,0.05000000633391212,421.5859069824219,422.0998229980469,1.0,1.0,3.7779936974402517e-06,0.038510117679834366,9.810393451184428e-05,1.0000000967353746,26.838172912597656,34.07387924194336,0.6187596375214561,0.785580346223877,4.0198530125555684e-08,4.663135445552936e-08,4.6816253984616196e-07,140.95475334049968,1.0000000624559284,2.1450432541314512e-08,8.95905776592704e-08,1.9516581062362093e-07,0.004763024393469095,60.80503016071094,0.9994904109624982,0.00014010988525114954,0.0009114827983037806,0.011223703622817993,3.319411039352417,3.9414662218930285,0.026613733635050544,0.1446499526500702,0.6352237157593306,2.2941701412200928,4.214341163635254,1.8680930682331915,0.02372677432209592,0.10895177721977234,0.8064832227175265,3.785792350769043,3.776567837121547e-06,1.2395833730697632,3.046642863375196e-06,1.0,26.838172912597656,1.2395833730697632,0.9989350368200672,0.04613813564923246
12.357952117919922,1.1601868266097881e-07,0.2633223533630371,2269654.7428701473,0.003527990775182843,5.315049648284912,1506.5372862290014,62.65059003134862,-0.909007947321169,0.9994704827037558,0.030230268367436006,0.00019513633742462844,0.24601298570632935,0.0007370051372053727,1.1103257018707526,0.006377905607223511,7.620501518249512,0.13340595364570618,3.4997928142547607,26.234157611506312,31.09763373296976,2.7202920724821924,0.7385588710860707,0.03247443489501257,0.006510400678962469,0.23252785205841064,5.315042972564697,3.528791666030884,34.58388137817383,1.0171626806259155,0.12607020139694214,0.050000005515138175,691.6775512695312,692.4825439453125,1.0,1.0,6.489902716566576e-06,0.04359874129295349,0.0001488552771044215,1.0,43.21883773803711,49.46115493774414,0.6579899407832465,0.7530267844272518,4.0186445090305014e-08,4.477531379702696e-08,5.251987431620364e-07,139.19466550566528,0.9999999764008216,3.516905877631871e-08,1.0971518314652201e-07,3.9576542576469365e-07,0.0035279905423521996,62.650590563305705,0.9994705201789148,0.0001951361191459,0.0007370050742320389,0.0063779051415622234,3.497249126434326,2.726607090876972,0.033628873271848256,0.23211787641048431,0.730583142824053,3.792703151702881,4.002374649047852,1.5547846814672104,0.04662162077591278,0.15425260365009308,0.8361048639772767,6.25925350189209,6.489788574981503e-06,1.6486245393753052,3.936486986119e-06,1.0000000723083367,43.21883773803711,1.6486245393753052,0.9992732275461931,0.03811824775249588
22.761991500854492,5.259795443635085e-07,1.1934423446655273,2268990.0347925513,0.004078346770256758,6.143281936645508,1506.3167216305026,60.59458206442289,-2.9637437850860477,0.9991132108771458,0.014832120303678144,0.00035487578134052455,0.519894540309906,0.0009338366244531424,1.4066536292435934,0.03738981485366821,16.989606857299805,0.1547175794839859,3.904431104660034,25.235859542801105,29.013472569011338,0.9731101611965176,0.5777676518522551,0.019052314903073853,0.014545010402798653,0.4791906476020813,6.144048690795898,3.9489152431488037,69.02685546875,2.032407760620117,0.2512083053588867,0.05,1380.537109375,1381.54736328125,1.0,1.0,1.4021670722286217e-05,0.09283129125833511,0.0001510446588884138,1.0,88.80281829833984,108.01583862304688,0.6350618941246603,0.7724613293348394,4.1337654401328305e-08,4.587471196848207e-08,6.164806336528272e-07,137.00587595677032,0.9999996934389433,7.6745791943722e-08,1.411582318054274e-07,6.916507118148729e-07,0.00407834630459547,60.59458253377159,0.9991130560107911,0.0003548769745975733,0.0009338365495040128,0.03738987445831299,3.9013640880584717,0.979935282173559,0.01996443588300648,0.47800612449645996,0.8933121181647641,9.20702838897705,4.745447635650635,-0.7212778163080038,0.027347429470918942,0.33014965057373047,1.0865854556112737,13.130472183227539,1.4021895367477555e-05,3.5216801166534424,3.981592564631391e-06,1.0,88.80281829833984,3.5216803550720215,0.9992145054994488,0.03962615333556591
18.028806686401367,1.9308436094434e-07,0.9486750364303589,4913267.091081661,0.0031197266653180122,6.915152072906494,2216.589084480448,60.47497573347522,-6.438728547699198,0.9989424310194104,-0.0032184259628814777,0.0002589718787930906,0.4806682765483856,0.0009467846454886208,2.098632646071103,0.00558018684387207,14.224764823913574,0.19988101720809937,4.075522422790527,20.38974225625155,24.341875207863723,-1.846359111571397,0.4209173933339048,0.014966645070622064,0.015091666020452976,0.39749443531036377,6.913730144500732,4.154454231262207,60.05160140991211,1.6390998363494873,0.2195630669593811,0.05000000698760313,1201.0318603515625,1203.1312255859375,1.0,1.0,1.142610108217923e-05,0.05624494329094887,0.000203148934941307,0.9999999337666671,73.38838195800781,100.78311157226562,0.588651979683006,0.8083865124533383,3.92221072539028e-08,4.5281881799730875e-08,6.335040438898432e-07,134.3223190071186,1.0000000569215548,6.46577831275863e-08,1.9225783965641125e-07,5.268423706183967e-07,0.003119726898148656,60.47497477456352,0.9989424103836448,0.000258973625022918,0.000946784770906026,0.005580157041549683,4.07061767578125,-1.8359000430352355,0.017374263833621055,0.3966389298439026,1.2353641861380833,6.312767028808594,5.590115547180176,-4.591110290537315,0.0030912323972636588,0.34098851680755615,1.6965064787139894,10.932029724121094,1.141771372203948e-05,3.603616237640381,3.1684044496135656e-06,1.0,73.38838195800781,3.603616237640381,0.9987965633420942,0.049044268557637036
28.61600112915039,4.91115827117028e-07,3.2097132205963135,6535552.395935046,0.003134678350761533,8.01371955871582,2556.4726782156076,58.60684516266568,-9.54597784505029,0.9981146875375447,-0.0005646482571537078,0.00041558267548680305,0.8499424457550049,0.0011739719759469053,3.001227250165825,0.009199559688568115,24.166080474853516,0.17030689120292664,4.666759490966797,27.402059059408167,23.906060079781493,-4.84960281317247,0.40603321055801106,0.011311872278856798,0.021289056167006493,0.696684718132019,8.01253604888916,4.732788562774658,107.45291137695312,2.7737674713134766,0.39385277032852173,0.050000002840088695,2149.05810546875,2152.568115234375,1.0,1.0,2.1621079213218763e-05,0.08970195800065994,0.00024103241105461373,1.0,133.4550323486328,186.48779296875,0.5819583192353591,0.8132186598291076,3.99921626321477e-08,4.967970084217098e-08,7.560042831755709e-07,130.96021953871264,0.9999971197469041,1.2169761021141312e-07,2.8313203292307875e-07,1.090778141588089e-06,0.003134678350761533,58.60684516266568,0.9981145365036037,0.00041558287921361625,0.0011739719759469053,0.009199440479278564,4.6636505126953125,-4.843815345217691,0.0118313092916125,0.6965520977973938,1.7465891661498623,13.447550773620605,6.516906261444092,-7.750124124408039,0.0053102752289236445,0.6741598844528198,2.44065400222245,16.1373233795166,2.1603116692858748e-05,4.873502254486084,4.432770431771724e-06,1.0,133.4550323486328,4.873502254486084,0.9993338619019169,0.03649360944471848
23.70513343811035,3.648360689112451e-07,1.4445576667785645,3959470.5399865136,0.003261492820456624,6.489854335784912,1989.8416746710184,61.50160449984831,-4.474766998401958,0.9995357192305908,0.012387371324022966,0.0003141857450827956,0.6072916984558105,0.0008412397298788744,1.6739340387857717,0.010303854942321777,21.46206283569336,0.12322606891393661,4.294755935668945,34.85265718139952,29.955880756205996,-0.8888373625037298,0.562354532371058,0.022535022599715418,0.013116301968693733,0.5543118715286255,6.489660263061523,4.325958728790283,74.40274810791016,1.860507607460022,0.27098941802978516,0.05000000512709242,1488.0548095703125,1490.4620361328125,1.0,1.0,1.3373954061535187e-05,0.07731412351131439,0.00017298203037350608,1.0,101.76586151123047,115.37479400634766,0.6614922409153675,0.7499521931918741,3.820923925462962e-08,4.848417544321412e-08,5.646148792948225e-07,136.73488661761883,0.9999993602311986,7.597833473482751e-08,1.4563161709773347e-07,6.55152405215631e-07,0.003261492121964693,61.501605514829706,0.9995360108904863,0.00031418443541042507,0.0008412396488105763,0.010303914546966553,4.292988300323486,-0.8852608178961061,0.024831613868363488,0.5530987977981567,1.107294268634761,9.530309677124023,4.8670806884765625,-1.9754371198091836,0.02786484656470073,0.3415866792201996,1.2553702961190154,13.887462615966797,1.3375953130889684e-05,2.921090602874756,4.57909597513595e-06,1.0000000816197205,101.76586151123047,2.921090602874756,0.9995884337904851,0.028692218955621518
28.30238914489746,1.0768075071609928e-06,1.4848666191101074,1378952.6997494325,0.004693057853728533,5.511002540588379,1174.2882172675554,58.68478757441705,-2.7107057713814933,0.9975827066921092,0.003160521254428185,0.000633861927781254,0.6244751214981079,0.0011634845413274262,1.3662661498120874,0.012062311172485352,19.569347381591797,0.31141209602355957,3.5261752605438232,11.323180138375402,22.247195338076782,1.167827983201188,0.28463630054919264,0.008201739960205089,0.040348120033741,0.5536191463470459,5.511502265930176,3.696190118789673,80.3330078125,1.8146381378173828,0.29443392157554626,0.050000007597769236,1606.659912109375,1609.182373046875,1.0,1.0,1.5179309230006766e-05,0.13282474875450134,0.00011428072985150178,1.0,99.40923309326172,120.19091796875,0.6373427195425686,0.7705803992135745,3.9230905739243566e-08,4.501147170144569e-08,5.366474056245352e-07,137.52012557961717,0.9999994038053815,8.307236498694692e-08,1.330435221969054e-07,7.946743494358088e-07,0.004693057853728533,58.68478803293511,0.9975830965851367,0.0006338609382510185,0.0011634845413274262,0.01206284761428833,3.512397289276123,1.2018329540520285,0.016425259350439095,0.5498595237731934,0.8707797835401901,9.08609676361084,4.246670246124268,-0.4470658210114783,0.013724085865345861,0.3837910294532776,1.0528179819842265,12.705366134643555,1.5177478417172097e-05,8.813706398010254,1.7220313148391806e-06,1.0,99.40923309326172,8.81370735168457,0.9960926173233465,0.08831442061347712
21.247058868408203,3.459527988525224e-07,1.1612813472747803,3356762.3997452543,0.003543395083397627,6.4920196533203125,1832.1467125521215,59.39779268556972,-5.861413333012807,0.9991348230992553,-0.004570866654205293,0.000293558492558077,0.5642826557159424,0.001071791651187043,1.963679793061711,0.013464570045471191,16.44253158569336,0.2031308263540268,4.011054039001465,19.74616118584973,24.23066674779728,-1.6789858633558592,0.46672351171008897,0.019925438178217687,0.017080053687095642,0.4570735692977905,6.492922782897949,4.0912017822265625,70.8948745727539,2.0280253887176514,0.2605121433734894,0.050000001076156035,1417.8974609375,1420.502685546875,1.0,1.0,1.3031038179178722e-05,0.07528672367334366,0.00017308547302069075,1.0,85.1137466430664,108.54531860351562,0.617050995072344,0.7869233760278855,3.9095272247677034e-08,5.038514034426941e-08,6.137444188425434e-07,134.62643278635898,1.0000020735079933,7.387031075722916e-08,1.856429062480875e-07,5.848410751241317e-07,0.0035433960147202015,59.39779054480568,0.999134999494404,0.0002935584052465856,0.0010717918633219238,0.013464493677020073,4.00590705871582,-1.6678334465611289,0.02553738639589747,0.4563868045806885,1.2116904362725909,6.504888534545898,5.10872220993042,-3.7800609375340137,-0.006033890586231712,0.3646318316459656,1.545265252640492,11.73350715637207,1.3020317965128925e-05,4.315932750701904,3.0168027903148902e-06,1.0,85.1137466430664,4.315932750701904,0.9987168723806802,0.05064275781751746
9.056325912475586,1.492425383275986e-07,0.1837821900844574,1231433.022675088,0.00546014541760087,6.059121131896973,1109.699590118112,59.81856757573559,-1.085540794323725,0.9981489957251942,0.004631081921186377,0.0001794273848645389,0.19808757305145264,0.001021107893136358,1.1331229368459212,0.01394001767039299,7.2772626876831055,0.21704554557800293,3.6180837154388428,16.669698084813067,27.831634823993312,3.393079761029771,0.4735468692393796,0.019166522232750192,0.00837412104010582,0.17453745007514954,6.057125091552734,3.699765682220459,24.54724884033203,0.6278818249702454,0.08743469417095184,0.05000000310804484,490.9449462890625,491.5398864746094,1.0,1.0,4.952270955982385e-06,0.049448855221271515,0.00010014935500169187,1.0,32.70753479003906,44.060237884521484,0.5960547319427565,0.802943830838349,4.1410359363240574e-08,5.248962104159994e-08,5.475372404362133e-07,139.79437896472578,0.9999999169803889,2.7503098465331277e-08,1.0239554401406498e-07,2.593031638298271e-07,0.00546014541760087,59.81856716220096,0.9981488073762788,0.00017942744307219982,0.001021107893136358,0.013940020464360714,3.611567735671997,3.4087370601362643,0.02077200039059845,0.17336933314800262,0.6754032883798845,2.941452980041504,4.865133762359619,0.8207563387957819,0.010773174595891154,0.14435236155986786,0.9098340717218645,5.065587043762207,4.950864422426093e-06,1.9656351804733276,2.5187097135867902e-06,1.0,32.70753479003906,1.965635061264038,0.9981990913846157,0.05998908645187939
37.10553741455078,6.411000867956318e-07,3.9483673572540283,6158737.829827621,0.0027620664332062006,6.854567050933838,2481.6807331375703,60.335350284189175,-7.559567271701997,0.99910666046124,0.013484908183128311,0.00046546250814571977,0.9791553020477295,0.0009621272017931275,2.3876923548529927,0.030708640813827515,40.053810119628906,0.14612986147403717,4.90378999710083,33.55775436748829,25.865254102526208,-4.650604824823915,0.4291854139432298,0.011290665045008664,0.024747932329773903,0.9693782329559326,6.854663848876953,4.954801559448242,137.1144256591797,3.6288950443267822,0.5009904503822327,0.050000007789956426,2742.2880859375,2745.075439453125,1.0,1.0,2.4369628590648063e-05,0.1024879589676857,0.00023778040694840815,1.0,181.87696838378906,177.79432678222656,0.7150871192830248,0.6990353649137422,3.714561312971692e-08,4.352115440824106e-08,6.571224844265089e-07,132.8071065440824,0.9999995544829121,1.389809511920248e-07,2.2889941480229644e-07,1.189132717627217e-06,0.0027620666660368443,60.33534989912006,0.9991065604861018,0.00046546239173039794,0.0009621272017931275,0.030708542093634605,4.901612758636475,-4.646746329972273,0.011603304000858392,0.9693763256072998,1.7074080477659284,17.271621704101562,4.7915849685668945,-4.449550011999026,0.025885777816155184,0.5560672879219055,1.6690813965764142,27.685382843017578,2.4364582714042626e-05,5.422226905822754,4.493464242132378e-06,1.0,181.87696838378906,5.422226905822754,0.9995559667999018,0.029799370999088956
6.4791154861450195,7.793307332804034e-08,0.053868912160396576,691220.1695632929,0.0055151223205029964,4.585253715515137,831.3965582357106,60.73298351489262,2.336819492721302,0.9988039021360974,0.003129147991555581,0.00013048641267232597,0.11727577447891235,0.0009190747381981852,0.7641155383141681,0.009188644587993622,3.8396973609924316,0.3438531458377838,2.8493597507476807,8.286560077283385,24.836626215792066,6.469140792299822,0.3490857620690002,0.018312748149919875,0.010177185758948326,0.10103340446949005,4.585980415344238,3.012209415435791,16.033193588256836,0.41855624318122864,0.05759834498167038,0.05000000832737569,320.663818359375,321.0123291015625,1.0,1.0,2.6520444862399017e-06,0.035733114928007126,7.421811648895086e-05,1.0,18.3264102935791,23.38227653503418,0.616876604095905,0.7870597194921953,3.368820499747373e-08,3.8692140642737354e-08,4.1002124362421455e-07,143.30795960079757,1.000000204050999,1.4829669936489154e-08,6.832852080820761e-08,1.3453340841351746e-07,0.0055151223205029964,60.73298351489262,0.9988038226926048,0.00013048641267232597,0.0009190747381981852,0.009188657626509666,2.828535795211792,6.532852229901366,0.02531799755443664,0.09915626049041748,0.47136507773292674,1.7183212041854858,3.6088685989379883,4.416664772211966,0.015121874116365463,0.07952313870191574,0.6014045998567702,2.693162202835083,2.649203224791563e-06,2.2278642654418945,1.1891223652559893e-06,1.0,18.3264102935791,2.2278642654418945,0.9926917444618039,0.1206773409880759
15.45506477355957,3.6660253499576356e-07,0.3831721246242523,1045197.6951787315,0.005014606285840273,5.126678466796875,1022.3491485808288,60.962756505055175,0.7707724091364709,0.9988161306392759,0.012416494586808999,0.00030045490711927414,0.3077103793621063,0.0008950806967701136,0.9150848748570792,0.011571049690246582,12.50212574005127,0.23552197217941284,3.5711565017700195,15.162731819558774,27.526865534925285,3.9113170689872674,0.4393532347684411,0.0172352810050104,0.01599796488881111,0.30145201086997986,5.124972820281982,3.666524648666382,40.64339828491211,0.9460006952285767,0.14770610630512238,0.050000010324352875,812.8677978515625,813.2744140625,1.0,1.0,8.455064744339325e-06,0.07750106602907181,0.00010909610896407158,1.0,55.072288513183594,56.96432876586914,0.6950662800798094,0.7189456832369996,3.947842107937696e-08,4.389576811536196e-08,5.472311386256479e-07,140.2040777462872,1.0000000959785353,4.5406125082081417e-08,9.767785751459735e-08,6.451036256294174e-07,0.005014606285840273,60.9627571784489,0.9988162536329238,0.0003004549362231046,0.0008950806107213587,0.011570990085601807,3.5633811950683594,3.9302479592925814,0.01801256175143691,0.29997575283050537,0.6360446399242079,5.001343727111816,3.6858034133911133,3.636850438940162,0.02428476121211299,0.18716204166412354,0.6578963646309295,8.525840759277344,8.45478552946588e-06,3.6400070190429688,2.3227386462306234e-06,0.9999999345005209,55.072288513183594,3.640007257461548,0.9978227680227443,0.06595117463465652
32.43507766723633,8.523072096977558e-07,4.5413594245910645,5328312.811294317,0.0036432845517992973,8.409844398498535,2308.313907115817,55.648354053559196,-11.61754291210973,0.9975311804669931,-0.003281785218691749,0.0005078701069578528,1.096144199371338,0.0016503736951959664,3.809580576726979,0.039025500416755676,25.36968994140625,0.1551215648651123,4.826388835906982,31.113590428924713,23.064771691019004,-6.794230281054059,0.4007651825245655,0.012033034122930466,0.022596362978219986,0.7974048256874084,8.408044815063477,4.8830060958862305,134.33277893066406,3.804562568664551,0.48656579852104187,0.05000000113589472,2686.655517578125,2691.547607421875,1.0,1.0,2.894769932026975e-05,0.11817021667957306,0.00024496611865207536,1.0,156.4634246826172,223.43862915039062,0.5736010387707581,0.8191347597188132,4.3564804579152336e-08,5.270463952038631e-08,8.929329737838998e-07,127.8618387245312,0.9999971516676661,1.647084673095378e-07,4.0449024334951303e-07,1.3113021850585938e-06,0.0036432843189686537,55.648354632852346,0.9975317520172293,0.0005078685935586691,0.001650373591140625,0.03902560472488403,4.823895454406738,-6.7897421117097565,0.012800465058618853,0.7956008911132812,2.185179376091499,11.294381141662598,6.888795852661133,-9.884650665718535,-0.003998916607855128,0.8340445160865784,3.1205598703467117,20.013256072998047,2.8934540750924498e-05,5.0313801765441895,5.750815827000024e-06,1.0,156.4634246826172,5.0313801765441895,0.9994833948986903,0.03214029700602001
8.922022819519043,2.170750121877063e-07,0.14446672797203064,665515.2360286831,0.0066842325031757355,5.452938079833984,815.7912037385365,57.34369990086057,-0.8878801239547123,0.997796418933707,-0.002756388673377601,0.0002565117320045829,0.18498988449573517,0.0013577349690951125,1.1076282138130127,0.007600665092468262,5.369172096252441,0.3141033351421356,3.0729284286499023,9.783176696482272,23.903281099229513,4.093682536840722,0.4533506752030858,0.029067177047768945,0.011453656479716301,0.14836204051971436,5.449864387512207,3.219790458679199,21.300277709960938,0.5110162496566772,0.07691027969121933,0.05000000716365836,426.0054931640625,426.769287109375,1.0,1.0,3.936994744435651e-06,0.05963687598705292,6.601611300515418e-05,1.0,27.27313232421875,40.2879524230957,0.5605845551423398,0.8280971770390078,4.09052048882825e-08,4.765219747246594e-08,4.414931424889801e-07,140.9462514099215,0.9999997623983617,2.2658239728912122e-08,8.967831149050286e-08,1.6785803325092274e-07,0.0066842325031757355,57.34369990086057,0.9977962600507264,0.0002565121394582093,0.0013577349690951125,0.007600694894790649,3.056832790374756,4.13929733767235,0.0349107564991127,0.1463543027639389,0.6209192695034722,2.1297128200531006,4.515562534332275,0.7504939692622763,0.0056166915286130865,0.1327754557132721,0.9172237970673142,3.815248489379883,3.935453150916146e-06,2.8024368286132812,1.4042967091797337e-06,0.9999999149245555,27.273130416870117,2.8024368286132812,0.9947620977655485,0.10221628012171195
21.863862991333008,4.13781435781857e-07,0.9216926097869873,2227486.6151145985,0.003765897825360298,5.6205153465271,1492.476856030836,61.53126680217739,-1.9468839475414401,0.999282509781314,0.01452344491655391,0.00031745852902531624,0.46647027134895325,0.0008383717925173739,1.2512503036471136,0.011585354804992676,16.490570068359375,0.18282054364681244,3.6718225479125977,20.084299470228697,27.808137736983742,1.7510042516535802,0.5290177801989565,0.020452870079883247,0.016203736886382103,0.4340748190879822,5.620560646057129,3.730135679244995,63.722957611083984,1.672088861465454,0.23233580589294434,0.05000000179591353,1274.4591064453125,1274.96923828125,1.0,1.0,1.162116041086847e-05,0.08233708143234253,0.00014114128482926918,1.0000000904887705,80.18065643310547,93.12397003173828,0.6524790529695372,0.7578067139643,3.9922107343514486e-08,4.785346827612077e-08,5.321586513673537e-07,138.52781547041278,0.9999999230994361,6.5141584570938e-08,1.1847022504015636e-07,5.364418029785156e-07,0.003765897825360298,61.531267398791506,0.9992829076795609,0.0003174580924678594,0.0008383717166541479,0.011585354804992676,3.6672685146331787,1.7617841803359329,0.023059996950353774,0.4334897994995117,0.8164146638386603,6.489673614501953,4.2592644691467285,0.46194733500819085,0.028820487906253363,0.30005717277526855,0.9482058621391222,11.193336486816406,1.1613170499913394e-05,3.9971635341644287,2.905353031804631e-06,1.000000059646945,80.18065643310547,3.997163772583008,0.9987597042144968,0.049790139976374416
11.692512512207031,2.0100685560464626e-07,0.2380489856004715,1184282.9185323021,0.004908033646643162,5.341156005859375,1088.2476344701602,60.73692753839102,0.002372613614460839,0.9991199669018448,0.0031289413553807926,0.00024039403069764376,0.23602256178855896,0.0009186574783907858,0.9997268525221624,0.009240835905075073,6.950552463531494,0.3703409731388092,3.312925338745117,8.945608450144091,23.18304354742221,4.1508456009325,0.3030169445394925,0.013265154646602483,0.020078783854842186,0.21162265539169312,5.33814811706543,3.544166326522827,29.29889488220215,0.8263327479362488,0.10495176166296005,0.05000002018090843,585.9776611328125,586.9995727539062,1.0,1.0,5.606886134046363e-06,0.057387251406908035,9.770265563394695e-05,1.000000129829908,38.493629455566406,49.177589416503906,0.6163760411134245,0.78745206167258,4.0833065204741234e-08,4.946604393812892e-08,4.799542239197763e-07,140.9310815363046,1.0000000911770057,3.131260228883548e-08,8.983507584680726e-08,3.221217355076078e-07,0.004908035509288311,60.73692631023493,0.9991198930768228,0.00024039330310188234,0.0009186575976599939,0.009240835905075073,3.292160749435425,4.205458006097939,0.016736596656701814,0.20898973941802979,0.6162076419128775,3.560338020324707,4.205904483795166,2.077890892332001,0.011228787787769454,0.16433125734329224,0.7872369230415989,5.956117630004883,5.602130840998143e-06,4.330216407775879,1.2937299925560891e-06,1.0,38.493629455566406,4.330216407775879,0.9937322492840627,0.11178669695859578
33.11112976074219,7.920909865788417e-07,3.763399362564087,4751221.041939596,0.0034405156038701534,7.499392509460449,2179.7292536690034,59.12003240668017,-7.648019638174989,0.9985248284117568,-0.0018457939452013394,0.0005044654244557023,0.9603205919265747,0.0011066196459481596,2.4121315492302426,0.00961238145828247,27.995943069458008,0.18032561242580414,4.4012131690979,24.40703297713075,24.73135476736623,-3.0189448514430355,0.4136691768052327,0.012666851277325305,0.026060130447149277,0.7875441312789917,7.498175144195557,4.470807075500488,116.05423736572266,3.3097610473632812,0.42287880182266235,0.050000000657399055,2321.084716796875,2325.43896484375,1.0,1.0,2.3272075850400142e-05,0.11391935497522354,0.00020428553036893173,1.0,145.6067657470703,201.14224243164062,0.5863831449776151,0.8100339300839698,4.1077826926627525e-08,5.4238054194957884e-08,7.031822519820707e-07,132.9111449173232,1.00000255036117,1.3073474747216096e-07,2.261740432303697e-07,1.3113021850585938e-06,0.0034405156038701534,59.120032095014196,0.9985250722285529,0.0005044661229476333,0.0011066197183235596,0.009611783549189568,4.397517204284668,-3.0116486502398776,0.013723704845972616,0.7861377000808716,1.4144331101042857,13.373546600341797,6.074762344360352,-5.818083499297735,0.005707136029322653,0.6465194821357727,1.9539083067930618,20.942033767700195,2.325421701243613e-05,5.970785140991211,3.894666835339776e-06,1.0000000798617241,145.6067657470703,5.970785140991211,0.9991602538295096,0.04097179939699524
26.577722549438477,3.3592272075111396e-07,2.223628282546997,6619463.778975788,0.0027913344092667103,7.181634426116943,2572.831976804805,60.11890702905268,-8.089321071894206,0.9989251408668911,0.006730866260707119,0.0003611896245274693,0.726617693901062,0.000986403599749369,2.5378506117725537,0.005557239055633545,24.286937713623047,0.17064204812049866,4.465306282043457,26.167678665520278,24.393423955555466,-3.9618797998359923,0.4175894480042887,0.010818103544773921,0.019789790734648705,0.6350292563438416,7.181412696838379,4.528461933135986,96.45987701416016,2.8936007022857666,0.3571828305721283,0.050000000790939705,1929.197509765625,1931.6763916015625,1.0,1.0,1.8114242266165093e-05,0.07418730854988098,0.00024416901785816506,1.0,118.59097290039062,149.55970764160156,0.6213131809422274,0.7835623186399119,3.9823575257146696e-08,4.514736215861888e-08,6.824254796811147e-07,132.35404109326612,1.0000028706540411,1.0498635560907132e-07,2.4115591873304776e-07,7.80402558575588e-07,0.0027913344092667103,60.11890702905268,0.9989257019490716,0.000361189479008317,0.000986403599749369,0.005557060241699219,4.4620442390441895,-3.955532574689948,0.011060598715616494,0.6350820064544678,1.5768000363565835,10.367691993713379,5.627257823944092,-5.970792563304213,0.007629871125320663,0.5101892948150635,1.988564312604941,15.027420043945312,1.8116432329406962e-05,4.535277366638184,3.99455926718551e-06,1.0000001051395913,118.59097290039062,4.535277366638184,0.9992695103199105,0.038215087392293276
24.985836029052734,7.016824383754283e-07,1.1429879665374756,1628924.8583501403,0.004291275516152382,5.476926803588867,1276.2934430506007,61.34999578536966,-0.7690147240348271,0.9994587048235455,0.008063107308923921,0.00040641677333042026,0.5227633714675903,0.0008560521314381085,1.0925736328563764,0.014829054474830627,20.82887077331543,0.25689882040023804,3.650376796722412,14.209394932352247,25.80648143687401,2.7549695392759257,0.4078747932983836,0.015698720057468512,0.027731211856007576,0.48897427320480347,5.476422309875488,3.7677788734436035,67.1603012084961,1.6134697198867798,0.24346692860126495,0.050000003407993224,1343.2059326171875,1345.244140625,1.0,1.0,1.3026234228163958e-05,0.1072210967540741,0.00012148945321560583,0.9999998610240002,90.98157501220703,102.22069549560547,0.6648483945642842,0.7469783336063316,4.1888122650747954e-08,4.517250837440682e-08,5.216594445300871e-07,139.65398220863995,1.0000000214527065,7.007680125070692e-08,1.0406408736618466e-07,7.98064263562992e-07,0.004291275516152382,61.34999578536966,0.9994587416259296,0.00040641543455421925,0.0008560521314381085,0.014828898012638092,3.6413259506225586,2.776532500947696,0.01986833177141513,0.4850880801677704,0.7263959067436542,9.149051666259766,4.0911455154418945,1.7648251403113093,0.01865665170423319,0.3148147463798523,0.8161288617016559,14.244050979614258,1.3027052773395553e-05,6.4188313484191895,2.029505232110563e-06,0.9999999257127822,90.98157501220703,6.418831825256348,0.997520572945813,0.07037597226815923
19.09539031982422,2.4529435904696584e-07,0.6811105012893677,2776706.7450538366,0.003319901879876852,5.532102108001709,1666.34506324835,63.08252049375733,-1.3527787754339102,0.999136267418632,0.010887982367792464,0.00028083130018785596,0.399089515209198,0.0007012517983516467,1.1685274784776956,0.007928162813186646,13.11196517944336,0.21740929782390594,3.597742795944214,16.548247163091716,26.75946182134437,2.3844231218725693,0.4520520202457994,0.015771982377041135,0.017558831721544266,0.37173211574554443,5.532657623291016,3.6791720390319824,54.60414505004883,1.3510371446609497,0.19882909953594208,0.05000000628748599,1092.082763671875,1093.4541015625,1.0,1.0,9.941561074811034e-06,0.06339481472969055,0.00015681976434196715,0.9999998824733576,68.57474517822266,80.35432434082031,0.6491506151390374,0.7606599038663344,4.084829656625331e-08,4.5315551382329383e-08,5.211364282331488e-07,139.1659970055093,0.999999959945871,5.5130328746599844e-08,1.1007789997788127e-07,4.76837158203125e-07,0.0033199002500623465,63.08252351300192,0.9991362916144976,0.0002808309509418905,0.0007012515511043386,0.007928318344056606,3.591167449951172,2.4003115652261013,0.019714386575619386,0.3699023127555847,0.7585503314606642,5.701380252838135,4.208048343658447,1.023410636502382,0.023195822218151113,0.2480090856552124,0.8888519994440139,10.019302368164062,9.926066013576929e-06,4.151515483856201,2.3909500162473065e-06,1.0,68.57474517822266,4.151515483856201,0.9981723960169183,0.060429362833973335
10.593366622924805,6.989718031036318e-07,0.1373569816350937,196512.90799598777,0.010101962834596634,4.478177547454834,443.2977650757359,54.399397308398385,1.4654869557198689,0.9967604452797688,0.022457829643506507,0.000464115000795573,0.17428058385849,0.0019055928716792596,0.8447450299617917,0.014848172664642334,5.571894645690918,0.20948204398155212,2.654633045196533,12.672365586762709,28.06457732470591,6.00742415774939,0.639436912341194,0.047475604150024026,0.009319585748016834,0.15071338415145874,4.475117206573486,2.7064032554626465,22.83625602722168,0.5727745294570923,0.08297266066074371,0.05000000918751252,456.72503662109375,457.3617858886719,1.0,1.0,3.955783540732227e-06,0.10701379179954529,3.696517242123402e-05,0.9999999303773845,28.033803939819336,38.26960754394531,0.5909445382994944,0.8067123394851479,3.611489630215962e-08,4.2820639435452826e-08,3.7390717011476227e-07,143.03223715073355,1.000000003139616,2.2668682930770956e-08,7.053231576040779e-08,1.606349684379893e-07,0.010101962834596634,54.399397308398385,0.9967604481630894,0.00046411488438025117,0.0019055928716792596,0.01484823226928711,2.6463544368743896,6.034552622465735,0.051292911039924526,0.14959365129470825,0.4991974617115636,2.683194637298584,3.6126010417938232,3.3311141669354702,0.03994917107302522,0.126954585313797,0.6814661714606801,4.043108940124512,3.956406544602942e-06,2.2191197872161865,1.7828718135564732e-06,0.9999998925616567,28.033803939819336,2.2191197872161865,0.9968815292430393,0.07891185697818705
9.69123363494873,1.535170213173842e-07,0.17150655388832092,1117182.6577702076,0.005174986086785793,5.469797611236572,1056.9685636843687,59.670577384675454,-0.8106644698143644,0.9974219952458433,0.010122899481608683,0.00021001260029152036,0.21006335318088531,0.0010386545272309132,1.0978252479801924,0.007095322012901306,7.203088760375977,0.2556094527244568,3.731245279312134,14.59744637587547,25.797222570731826,2.5116851261443767,0.3794735486514246,0.015737462781182238,0.011213010177016258,0.19786420464515686,5.468207836151123,3.850389003753662,26.80103302001953,0.6642143130302429,0.09672799706459045,0.05000000854003929,536.0205688476562,536.447265625,1.0,1.0,5.157897703611525e-06,0.050151996314525604,0.00010284530426536621,0.9999999257200053,36.07542037963867,38.83976745605469,0.6805516315685922,0.732700182944548,4.073324620597072e-08,4.3621458386773155e-08,5.326704695107765e-07,139.4195876902089,1.000000020403498,2.9058043082841323e-08,1.0691056711907555e-07,2.654309696481505e-07,0.005174986552447081,59.67057658063494,0.9974222343371972,0.00021001252753194422,0.0010386546815334304,0.007095223758369684,3.7224795818328857,2.532114260729541,0.018106200693389172,0.19679732620716095,0.7471267636901143,2.7858479022979736,4.007721900939941,1.8908099117955608,0.019299182273342413,0.128456249833107,0.8043767600362307,5.019802570343018,5.156057341082487e-06,2.477170944213867,2.08142976693874e-06,1.0,36.07542037963867,2.477170944213867,0.9976507570661902,0.0685051329096137
23.342748641967773,4.1771306769078365e-07,1.770248532295227,4237953.440340227,0.00354402675293386,7.295835971832275,2058.628921407703,58.036722862929565,-8.234838655492222,0.9970865642486225,-0.006122438697888052,0.00038841209607198834,0.7269805073738098,0.0012536140569265725,2.580726164654681,0.008356213569641113,15.995615005493164,0.18683399260044098,4.360304832458496,23.337856092297653,23.59754451174819,-3.7636736094120704,0.3818073440560083,0.015923251938716007,0.019080113619565964,0.5645449161529541,7.292790412902832,4.434381484985352,84.56741333007812,2.186063051223755,0.30789631605148315,0.05000001082600858,1691.347900390625,1695.4912109375,1.0,1.0,1.4608211131417193e-05,0.0827273353934288,0.00017658265405972267,1.000000090061903,101.68802642822266,136.6136932373047,0.5970940588293269,0.8021713809570741,3.604266732229225e-08,4.5960482045971744e-08,6.26868711606221e-07,133.08313138217346,1.0000003704025808,8.303379672724986e-08,2.21739688727069e-07,6.719711223013292e-07,0.003544027451425791,58.036721089934176,0.9970861686890691,0.00038841337664052844,0.0012536142827323082,0.008356153964996338,4.356300354003906,-3.755692827372533,0.018414049749148686,0.5629537105560303,1.5409361447681686,7.673735618591309,5.852510929107666,-6.320180769032822,-0.005574649545271395,0.47036081552505493,2.070184440148026,11.186821937561035,1.4601650946133304e-05,4.3612189292907715,3.348066488491521e-06,1.0,101.68801879882812,4.3612189292907715,0.9990815327975545,0.04284883651201342
34.48334503173828,1.7298470993409865e-06,3.111206531524658,1798544.2370657634,0.0048820748925209045,6.547341823577881,1341.0981944599175,56.782458454215224,-5.766753120697053,0.9966336577305772,-0.0007072847461489305,0.0007040745113044977,0.9215246438980103,0.0014483618939901339,1.942395439808002,0.020769119262695312,26.803951263427734,0.28404784202575684,4.049323081970215,14.255778368501145,21.48671705036253,-1.5931012510202927,0.29222450489734286,0.010554922862661352,0.04416297376155853,0.7734618186950684,6.5450520515441895,4.212875843048096,107.63040924072266,2.9791502952575684,0.39471009373664856,0.05000000637966166,2152.60791015625,2156.494384765625,1.0,1.0,1.997151593968738e-05,0.16835027933120728,0.00011863072647712106,1.0,139.2902374267578,177.685791015625,0.6169447568152153,0.7870064632871059,4.134973647443016e-08,4.833271470998677e-08,5.79243703668908e-07,135.29732087770904,0.9999996325928688,1.129505591279667e-07,1.7184383839806272e-07,1.0728836059570312e-06,0.004882075358182192,56.782457597950625,0.9966335661651242,0.0007040745113044977,0.0014483620221887573,0.020769119262695312,4.039348125457764,-1.5716783901972877,0.01843564617622439,0.768758237361908,1.198350682251331,15.555709838867188,5.1528000831604,-3.686318963238108,0.004266841892071234,0.5594853162765503,1.5286777653882981,20.075481414794922,1.996592072828207e-05,9.794919967651367,2.0383954942175513e-06,1.0,139.2902374267578,9.794919967651367,0.9975366806952676,0.07014699761240957
12.861432075500488,6.823182729931432e-07,0.44083940982818604,646090.5815908234,0.008220801129937172,6.607860088348389,803.7975841898136,52.381535231231666,-5.721398870193901,0.9913502872847191,-0.003491070470304305,0.00043210748117417097,0.34238260984420776,0.002403937941840405,1.9322794053682137,0.024248585104942322,10.504449844360352,0.3077021837234497,3.7534170150756836,12.198213771693942,20.917206313137378,-0.8087185425596601,0.31661715898613096,0.010826789493807899,0.017650455236434937,0.27082377672195435,6.608618259429932,3.931530475616455,38.76461410522461,1.0107347965240479,0.14189361035823822,0.05000001082473797,775.2921142578125,776.6420288085938,1.0,1.0,7.537167221016716e-06,0.10573127120733261,7.12860689541336e-05,0.9999999295328621,48.1118278503418,70.0568618774414,0.5661111378431571,0.8243288929808869,4.094799096674462e-08,5.264740845245533e-08,5.865331331733614e-07,135.3139673309547,1.0000014324176698,4.3661287918439484e-08,1.7151481695050523e-07,3.28343958244659e-07,0.008220801129937172,52.381535231231666,0.9913500556179158,0.0004321062588132918,0.002403937941840405,0.02424859255552292,3.740783452987671,-0.7794326173770436,0.02062380416168309,0.26727357506752014,1.0938848928038987,4.364625453948975,5.447050094604492,-4.043409353785407,0.0034444744197124153,0.21980300545692444,1.592833743156946,7.223657608032227,7.532195013482124e-06,3.957490921020508,1.9032753741706162e-06,1.0,48.1118278503418,3.957490921020508,0.9966340106060748,0.08197921851613413
9.57973861694336,1.78372729919829e-07,0.11383980512619019,638213.0563195191,0.005643136333674192,4.50820255279541,798.8824451916373,60.74891145615479,2.6992546103608106,0.9988109713855273,0.0033752730747052735,0.0002100053825415671,0.17328430712223053,0.0009173908861770857,0.7328874029433659,0.007116109132766724,4.421994209289551,0.47929394245147705,2.806481122970581,5.855448764105139,22.167283485586886,6.816080219858247,0.30076454597606084,0.01736284970164223,0.019994769245386124,0.14725905656814575,4.511655807495117,3.1507277488708496,21.722227096557617,0.5612635016441345,0.078402578830719,0.050000027219971294,434.4443054199219,434.92169189453125,1.0,1.0,4.306782102503348e-06,0.054059769958257675,7.966704456620581e-05,1.0,26.490379333496094,34.10881423950195,0.6133821168171409,0.7897862245367545,4.212556392394839e-08,4.675277260986915e-08,4.4991764980295557e-07,142.71666087754613,0.9999997902304151,2.361612949641767e-08,7.314202377130125e-08,2.9164931447667186e-07,0.005643135402351618,60.748912494154794,0.9988109115125735,0.00021000512060709298,0.000917390759741203,0.007116138935089111,2.7652506828308105,6.944631286211662,0.026911342607109787,0.1433338075876236,0.4495400986810015,2.174874782562256,3.560516119003296,4.749063286774163,0.017765964291759372,0.11275213956832886,0.578824426108135,3.3914618492126465,4.305209586163983e-06,4.591510772705078,9.376455374463988e-07,1.0,26.490381240844727,4.591510772705078,0.9853089626324227,0.17078111014099437
11.419778823852539,3.037032172414911e-07,0.2512119710445404,827162.6929944176,0.0061769913882017136,5.617879867553711,909.4848146112156,58.5761957744776,-0.5997132038640025,0.9988906942678376,0.00812189880865365,0.0002158988791052252,0.23875649273395538,0.0011781218805416774,1.0714839364381656,0.034532368183135986,8.356134414672852,0.21923142671585083,3.468391180038452,15.820684251322628,27.5736804805643,3.5891736823969556,0.4621237892377392,0.015974030080712513,0.010768420994281769,0.213990718126297,5.6171698570251465,3.547762870788574,30.868175506591797,0.735654354095459,0.1112779751420021,0.05000000370740818,617.3634643554688,618.1981201171875,1.0,1.0,5.56792292627506e-06,0.07053987681865692,7.893298340439422e-05,1.0,39.529056549072266,50.53028869628906,0.6161497966979577,0.7876288944224328,3.949921655395041e-08,4.6277527536342576e-08,4.876213779425598e-07,140.6300807601372,1.000000156432158,3.107523838252746e-08,9.300278374184139e-08,2.953353543944104e-07,0.0061769913882017136,58.5761957744776,0.9988906480385968,0.00021589962125290185,0.0011781218805416774,0.034532397985458374,3.4614555835723877,3.606559631738902,0.01836007286851876,0.2127983719110489,0.6601946733126764,3.843801736831665,4.4248046875,1.4738535233394856,0.020184345717000843,0.15764279663562775,0.843931771959362,5.851226329803467,5.570129815168912e-06,2.5035741329193115,2.224870920128599e-06,0.9999999047687251,39.529056549072266,2.5035741329193115,0.99800030203019,0.0632083828691096
11.043091773986816,5.032866852161533e-07,0.10602991282939911,210674.98096807592,0.00822293758392334,3.774275064468384,458.9935197668856,57.694687686420586,4.45855756230869,0.99840870565687,0.007388555920677437,0.0003445057081989944,0.15754391252994537,0.00130396408836885,0.598510985172299,0.012242317199707031,4.142524242401123,0.7445053458213806,2.1869373321533203,2.937436708047498,18.55787166782406,9.198499432381379,0.2986568243105163,0.015774827581979147,0.03064418025314808,0.13184261322021484,3.772059202194214,3.0800747871398926,19.52005958557129,0.4932420551776886,0.07037592679262161,0.05000002833656396,390.4009704589844,391.0614013671875,1.0,1.0,3.6454785004025325e-06,0.09080665558576584,4.014549899329152e-05,1.0,22.708011627197266,34.950538635253906,0.5448223213571499,0.8385513405821707,4.1411516456216464e-08,5.003921167516504e-08,3.304256779301795e-07,145.61375174448276,0.9999999977734357,2.038258095637957e-08,5.239772165992844e-08,1.9948650731294038e-07,0.00822293758392334,57.69468817693201,0.9984086920051477,0.00034450573730282485,0.0013039639813801113,0.01224228460341692,2.056309223175049,9.733458701112326,0.057243131956401856,0.11823467165231705,0.3260821741437313,1.9498367309570312,3.1649234294891357,5.9879630644497785,0.031466151791069145,0.10670633614063263,0.5018822349037486,2.8745322227478027,3.632772404671414e-06,8.221640586853027,4.418549274071246e-07,1.0,22.708011627197266,8.221640586853027,0.9402688897446533,0.34043283900828347
22.33216094970703,3.226446665394178e-07,0.9635696411132812,2986473.1732534654,0.0032556781079620123,5.626272678375244,1728.1415704506412,62.60741174475093,-2.1441744346608766,0.9992336834776117,0.01791017283126612,0.00032168757752515376,0.5174145698547363,0.0007406779268987162,1.279996334602595,0.010807693004608154,16.96263885498047,0.16246441006660461,3.833733320236206,23.5973732257084,28.645076875073286,1.1878035662638422,0.5705088221047206,0.02156196481521005,0.014761393889784813,0.47031575441360474,5.625888347625732,3.881861925125122,67.029296875,1.4481267929077148,0.24577821791172028,0.05,1340.5859375,1342.3173828125,1.0,1.0,1.2804420293832663e-05,0.07270631939172745,0.00017611150019452958,0.9999998975250034,85.53863525390625,92.03406524658203,0.6807862707021243,0.7324822037526639,4.044884634589693e-08,4.567036630835817e-08,5.739415200878284e-07,137.68288823379436,1.0000004787353443,6.96867346050567e-08,1.3057366205688303e-07,8.972326668299502e-07,0.0032556781079620123,62.60741174475093,0.9992336581524455,0.0003216880140826106,0.0007406779268987162,0.010807573795318604,3.830289125442505,1.1956095388289745,0.023223558317133894,0.4692644476890564,0.8714039311464891,7.186532497406006,4.121144771575928,0.5598852423075198,0.03133942275248419,0.28395789861679077,0.9375743805198584,11.619236946105957,1.2799332580470946e-05,3.628181219100952,3.5277544884162557e-06,1.0,85.53863525390625,3.628181219100952,0.999101659350402,0.042377597744782676
13.635910034179688,2.7174469323654193e-06,0.1853712648153305,68215.22901055252,0.015474135056138039,4.041541576385498,261.1804512319002,51.686891538423424,3.3480788504523593,0.9875945170875263,0.007940007343631822,0.0008488037856295705,0.21257901191711426,0.0026040866082648446,0.6801364474108663,0.022835135459899902,6.288372039794922,0.5187894701957703,2.3861212730407715,4.599401896380714,21.179196236520276,7.925169743576426,0.39630036016971426,0.033859386769488936,0.027724318206310272,0.17351502180099487,4.020799160003662,2.724336624145508,26.59053611755371,0.7807119488716125,0.09623736143112183,0.050000022236420374,531.8104858398438,532.6077270507812,1.0,1.0,4.874872047366807e-06,0.21100392937660217,2.310323038075296e-05,1.000000070620307,31.75859260559082,45.039031982421875,0.576275360145948,0.8172554967604551,4.0270008691915934e-08,4.8521695619221935e-08,3.5863519087797613e-07,144.3859619464158,1.0000000180848276,2.7491642740073985e-08,6.03534221967675e-08,2.384185791015625e-07,0.015474135987460613,51.68689190180539,0.9875945094307083,0.0008488044259138405,0.002604086424363462,0.022835075855255127,2.329041004180908,8.13547762561281,0.05292150581217751,0.16605857014656067,0.3919459033104085,3.113286256790161,3.3029723167419434,5.100920893339934,0.023844687075556845,0.14544254541397095,0.5558453357477829,3.8349552154541016,4.859906766796485e-06,7.074166774749756,6.869935246852306e-07,1.0,31.75859260559082,7.074166774749756,0.9760782224977671,0.21741958835842587
18.814388275146484,2.4687398081368883e-07,0.7962627410888672,3225381.380672076,0.0033803177066147327,6.07082986831665,1795.9347005865816,61.68392232503932,-3.4018889204086245,0.9993743652643551,0.008465459562915152,0.0002746452228166163,0.43422913551330566,0.0008237660818062955,1.4794300517008265,0.009635865688323975,16.630264282226562,0.23422373831272125,4.000535488128662,17.07997454462703,24.870453805903715,0.2207102001680692,0.38260131549899806,0.012721979370730531,0.01906755194067955,0.40127259492874146,6.070769786834717,4.107944488525391,56.30487060546875,1.4718284606933594,0.20423685014247894,0.05000000542006067,1126.0972900390625,1127.2073974609375,1.0,1.0,1.2124741260777228e-05,0.06359860301017761,0.00019064475108710856,0.9999998828499468,75.13851165771484,86.02425384521484,0.6578462920012991,0.753152214034341,4.257605420268052e-08,4.5642504879040636e-08,6.458276402554475e-07,136.06073982910956,0.9999988242299029,6.721327849845693e-08,1.5738488033215356e-07,6.689882638966083e-07,0.0033803170081228018,61.68392432499019,0.9993743842622343,0.0002746434765867889,0.0008237658887978149,0.0096358060836792,3.9936728477478027,0.23562267963802963,0.016698354885511687,0.39971891045570374,0.9732375737866789,7.2958221435546875,4.572258949279785,-0.9395442215337169,0.019425614427657324,0.28441447019577026,1.1142360189474172,10.896293640136719,1.2123930900997948e-05,4.406776428222656,2.7512017227267823e-06,1.0,75.13851165771484,4.406776428222656,0.9982845232350097,0.05854809482641441
41.76365661621094,1.808390834412421e-06,6.54086971282959,3616955.79758611,0.004121521953493357,7.838432312011719,1901.8295669559518,56.93602430630033,-8.647407390389489,0.9974458517526241,0.0079769579908459,0.0008082306012511253,1.282123327255249,0.001422979989931591,2.706265270777987,0.028998196125030518,34.87712097167969,0.22467350959777832,4.416492462158203,19.65737959078855,22.206138922266693,-3.6643729457552587,0.359986481608826,0.008901741062894673,0.040852583944797516,1.0045597553253174,7.836650848388672,4.526497840881348,143.33718872070312,4.71082067489624,0.519870936870575,0.049999997870924004,2866.743896484375,2872.702392578125,1.0,1.0,2.7359024898032658e-05,0.172129824757576,0.00015894412799504404,1.0,184.2100372314453,270.6145935058594,0.5627111905162541,0.8266534352383266,4.003437482585941e-08,4.885559207145501e-08,6.551383648911724e-07,132.91051599678045,0.9999988166651909,1.5472090808543726e-07,2.2619041871256146e-07,1.2516975402832031e-06,0.004121521487832069,56.93602430630033,0.9974458060159507,0.0008082302520051599,0.001422979989931591,0.028998076915740967,4.410773754119873,-3.653119394744028,0.011574342149328492,1.0018593072891235,1.522845894336292,17.242273330688477,6.4796671867370605,-6.993878032108088,0.011614250984964663,0.8697987794876099,2.23714369130769,24.235448837280273,2.7361833417671733e-05,9.383187294006348,2.916048945878925e-06,1.0,184.2100372314453,9.383187294006348,0.9987051665360831,0.05087148219467488
