gt_norm,clean_mse,adv_mse,mse_ratio,clean_rel_l2,adv_rel_l2,rel_l2_ratio,clean_psnr,adv_psnr,clean_ssim,adv_ssim,clean_mae,adv_mae,clean_nrmse,adv_nrmse,clean_max_err,adv_max_err,clean_init_rel_l2,adv_init_rel_l2,init_rel_l2_ratio,clean_init_psnr,adv_init_psnr,clean_init_ssim,adv_init_ssim,clean_init_mae,adv_init_mae,pred_shift_rel_l2,init_shift_rel_l2,delta_l2,delta_linf,delta_mean_abs,delta_rel_l2,clean_sino_l2,adv_sino_l2,success_rel_l2,success_mse,clean_e_ran_l2,clean_e_nul_l2,clean_e_ran_frac,clean_e_nul_frac,adv_e_ran_l2,adv_e_nul_l2,adv_e_ran_frac,adv_e_nul_frac,clean_init_e_ran_l2,clean_init_e_nul_l2,clean_init_e_ran_frac,clean_init_e_nul_frac,adv_init_e_ran_l2,adv_init_e_nul_l2,adv_init_e_ran_frac,adv_init_e_nul_frac
9.978799819946289,1.2493694612203399e-06,0.00021823389397468418,174.67522678321353,0.014337622560560703,0.1894928216934204,13.216474411501727,51.99897646105979,29.576663303288232,0.9962737938587911,0.9605262899380633,0.0005935915978625417,0.0026146459858864546,0.002512182371340642,0.033202196937840094,0.02912890911102295,0.44277462363243103,0.2774559259414673,0.7888708114624023,2.8432292760934734,26.264638949264796,17.18840013179425,0.27812755646850745,0.06375103263475138,0.016055654734373093,0.0466708242893219,0.1893920600414276,0.7307930588722229,5.288404941558838,0.15017271041870117,0.01899350807070732,0.010000005373928474,528.8402099609375,528.9647827148438,1.0,1.0,0.11288473755121231,0.08790166676044464,0.789005049983768,0.614386501492436,1.1616649627685547,1.4920048713684082,0.6143414715948887,0.7890402979174902,2.215606451034546,1.6603189706802368,0.8002401342051051,0.5996795483692686,7.694899082183838,1.6603189706802368,0.977504410237797,0.21091493194486535
42.82313537597656,3.50419468304608e-05,0.11574451625347137,3303.0275633218675,0.017693983390927315,1.016908049583435,57.47196813267385,42.998045826613016,7.808923676940041,0.9692491245478816,0.6333999665484166,0.0036855253856629133,0.13350653648376465,0.007081050880033436,0.40696194548859915,0.13319218158721924,1.6530239582061768,0.3611307442188263,1.0020862817764282,2.774857299796155,16.80126811839779,7.936455862283538,0.11188521793296162,0.056096107009870236,0.0924166738986969,0.2588483691215515,1.0144034624099731,0.8840364813804626,33.57255935668945,1.032145619392395,0.12337583303451538,0.010000003863266894,3357.254638671875,3357.594482421875,1.0,1.0,0.605708122253418,0.4552416205406189,0.7993911406240966,0.600811025861184,19.177953720092773,39.09685516357422,0.44039473056032363,0.8978042833359686,13.974122047424316,6.624382019042969,0.9036111753310796,0.4283536097477258,42.39809036254883,6.624382019042969,0.9880131543015142,0.15436960763955065
49.79118728637695,0.00010323006426915526,0.24981391429901123,2419.972476696933,0.02611924335360527,1.2848894596099854,49.193211388821894,37.72615457339243,3.888050566386992,0.9478170152047027,0.4504638823310371,0.005117603577673435,0.23372402787208557,0.012992486617282167,0.6391421554392234,0.46217402815818787,2.5886526107788086,0.38877660036087036,1.1086816787719727,2.8517191563043447,14.271363819166854,5.169228615156891,0.10876932139016754,0.05097805052346952,0.11625399440526962,0.3272307515144348,1.2820581197738647,0.9727327227592468,42.869693756103516,1.4350284337997437,0.15973608195781708,0.01000000487630057,4286.96728515625,4287.1552734375,1.0,1.0,1.0033940076828003,0.8273584842681885,0.7715399663026185,0.6361809340944958,25.908666610717773,58.495235443115234,0.40497368369271425,0.9143284496961118,17.918371200561523,7.324653148651123,0.925648116663512,0.37838547468253714,54.714481353759766,7.324653148651123,0.99115812398625,0.13268680053325874
11.169103622436523,2.8678643957391614e-06,0.00020763880456797779,72.40189071577811,0.01940756104886532,0.16513752937316895,8.508927471998026,49.45631119938077,30.85881273223118,0.9963790732617341,0.9665841227940448,0.0007270189234986901,0.002713743830099702,0.0033665451752878323,0.028645694476733232,0.045704007148742676,0.49029555916786194,0.2587270140647888,0.7397305369377136,2.8591159667327,26.958894482356236,17.834259966712814,0.3614532935445338,0.09389567819379657,0.016391661018133163,0.046787187457084656,0.16565465927124023,0.6847381591796875,5.5342817306518555,0.18574082851409912,0.019463099539279938,0.010000005721068598,553.4278564453125,553.485595703125,1.0,1.0,0.1722474992275238,0.13159744441509247,0.7946275955005263,0.6070971207044931,1.2523863315582275,1.354061484336853,0.6790069381549662,0.7341322077582804,2.2316181659698486,1.8359001874923706,0.7722533380471162,0.6353147996965468,8.055569648742676,1.8359001874923706,0.9749995036629673,0.2222067277215083
25.196916580200195,8.86728594196029e-06,0.011512486264109612,1298.310028509642,0.015127177350223064,0.5450634956359863,36.03206883985854,47.841275332807456,16.707491215608883,0.9877728880737232,0.8628033611688608,0.001789523521438241,0.026113437488675117,0.0040544901119653415,0.14609166999541792,0.06074973940849304,0.8054565787315369,0.3397555649280548,0.8246256709098816,2.427114537725087,20.81310231820531,13.111296615123408,0.1298817321708659,0.05018728681710509,0.04972900077700615,0.12519824504852295,0.544140636920929,0.7413846254348755,16.025964736938477,0.5411442518234253,0.05893445387482643,0.010000004808254796,1602.595703125,1602.6934814453125,1.0,1.0,0.3093774616718292,0.22263692319393158,0.8116772383199156,0.5841062952342022,5.7181396484375,12.486930847167969,0.41635163194259756,0.9092037543352718,6.6796064376831055,5.354439735412598,0.7802555788679107,0.6254607235088577,20.076261520385742,5.354439735412598,0.966225704122275,0.2576972459875548
9.147300720214844,1.7580919120518956e-06,0.0004505393444560468,256.2660924423545,0.01855401135981083,0.2970184087753296,16.008312327472776,49.60706515754884,25.5201531287193,0.994591698751306,0.9530060269366988,0.0006301561370491982,0.003470910247415304,0.0033086187658283974,0.05296541112839301,0.036659181118011475,0.41083085536956787,0.30827268958091736,0.7162441611289978,2.3234110102412866,25.197120194889166,17.874600401486987,0.2160267034687994,0.06312385155200283,0.015932660549879074,0.038480862975120544,0.29412734508514404,0.652732253074646,4.649533271789551,0.1351604461669922,0.01685442216694355,0.010000001722939739,464.9532470703125,465.0413818359375,1.0,1.0,0.12707477807998657,0.11250146478414536,0.7487358047744546,0.6628685569723478,1.5135709047317505,2.2562668323516846,0.5570913709926879,0.8304512058408636,1.9275498390197754,2.0581979751586914,0.6835615005644116,0.7298928763748944,6.220015525817871,2.0581979751586914,0.9493742026877611,0.31414713573129144
9.338105201721191,1.1316903965052916e-06,0.001529046567156911,1351.117383233676,0.014581930823624134,0.5359960198402405,36.75754783940377,49.51786745753004,18.210936972455936,0.9908990690309942,0.8896265544051858,0.0006401538848876953,0.00885674450546503,0.0033427710134746502,0.1228720638686128,0.016365349292755127,0.3359251618385315,0.3252565860748291,0.8434270620346069,2.593112939581081,22.549646452768116,14.27321752993143,0.15340472806379862,0.04346969673883715,0.01738598197698593,0.04801870882511139,0.5344999432563782,0.7661821246147156,5.515778064727783,0.1544446051120758,0.01997249200940132,0.010000005290722211,551.5775146484375,551.5986328125,1.0,1.0,0.11225777864456177,0.07707013934850693,0.8244088757200249,0.565994692742535,2.7829883098602295,4.160152912139893,0.556020842102014,0.8311683226572165,2.2593915462493896,2.029832601547241,0.7438864657614765,0.6683060324621274,7.609949111938477,2.029832601547241,0.9662187717027672,0.25772345309804795
8.715949058532715,1.0664964520401554e-06,0.00033916719257831573,318.0199914678624,0.015166137367486954,0.27045947313308716,17.833115089204984,51.50239629439978,26.47785133314403,0.9945202056469695,0.9565331706822048,0.0005658931913785636,0.0029748016968369484,0.002659990985173273,0.04743593188072602,0.02581128291785717,0.40585246682167053,0.31829145550727844,0.7438551187515259,2.337025094079272,25.06339684752347,17.69012938969572,0.21057122794165692,0.05614666834055543,0.015613539144396782,0.03908748924732208,0.26724717020988464,0.6939182281494141,4.555506229400635,0.14374375343322754,0.01640678197145462,0.01000000724335641,455.55029296875,455.620361328125,1.0,1.0,0.1012217104434967,0.08501554280519485,0.7657447273332313,0.6431446708341327,1.3120068311691284,1.9584568738937378,0.5565692542912969,0.830801224482489,1.9352236986160278,1.9877530336380005,0.6975759651883926,0.7165108312738288,6.171171188354492,1.9877530336380005,0.9518413389384263,0.3065909940381043
18.968873977661133,6.102137376728933e-06,0.02244851551949978,3678.7954996079366,0.01666899397969246,1.0110256671905518,60.65307051056989,44.7591441790562,9.102088037440431,0.9793231412628203,0.725853978965089,0.0015415612142533064,0.05129498243331909,0.0057815298986221625,0.3506675611564866,0.0481659471988678,0.9758925437927246,0.35484835505485535,0.9425389170646667,2.6561738377481316,18.196476342566655,9.711346625542461,0.0962322999510878,0.04738499696572409,0.04019121080636978,0.10538502037525177,1.0069433450698853,0.8488719463348389,13.489770889282227,0.3159141540527344,0.04950187727808952,0.01000000571224889,1348.976318359375,1349.014404296875,1.0,1.0,0.2585051953792572,0.18207824230194092,0.8175575148838627,0.5758469769723681,7.935357093811035,17.459285736083984,0.4137735639825934,0.9103800620698264,5.530905723571777,3.8362016677856445,0.8216973757242182,0.569924168067846,17.462493896484375,3.8362016677856445,0.9767095021450455,0.21456583711821614
30.6168270111084,1.5977957446011715e-05,0.02794191800057888,1748.7790973904184,0.01671130582690239,0.6988402009010315,41.818407737833176,46.2010517670518,13.773701941039942,0.9848089830745167,0.8188756474246519,0.0023261657916009426,0.044354405254125595,0.004897195417467743,0.2047929004107466,0.0713052749633789,1.1973876953125,0.34774407744407654,0.8377758264541626,2.4091735296020733,19.83606500486582,12.198703576897321,0.11566352485167769,0.04924160876837081,0.06165182217955589,0.15295028686523438,0.6971310973167419,0.7514389157295227,19.88530921936035,0.4878806173801422,0.07281597703695297,0.010000005102812229,1988.5299072265625,1988.5128173828125,1.0,1.0,0.4020130932331085,0.3164937496185303,0.7857232891601424,0.618578136221803,8.420494079589844,19.66966438293457,0.39354964834035744,0.9193034788350344,8.19621467590332,6.79535436630249,0.7698274811895378,0.6382520154066643,24.733531951904297,6.79535436630249,0.9642688318053374,0.2649257060916164
16.828813552856445,1.2952541510458104e-05,0.01713155210018158,1322.640200484922,0.027373729273676872,0.9955310821533203,36.368120404794205,42.50553913615529,11.29112070115123,0.9805298219205903,0.8069401384467885,0.001733699580654502,0.03805636614561081,0.007494161456509095,0.27254860296948574,0.1049150824546814,0.7444723844528198,0.437361478805542,0.8493903279304504,1.9420785073486162,18.4354081873212,12.670072168073416,0.09660002654660785,0.039342425247538566,0.040951669216156006,0.08615206927061081,0.9863573312759399,0.7403191328048706,9.623173713684082,0.29895493388175964,0.035248298197984695,0.010000004955094947,962.31689453125,962.3568725585938,1.0,1.0,0.32646968960762024,0.325010746717453,0.7086885454194461,0.7055215251796029,5.288963794708252,15.896862030029297,0.31569105441148765,0.9488620703199045,3.9768378734588623,6.193416118621826,0.5403110598443923,0.8414653384397058,12.882803916931152,6.193416118621826,0.9012589444716207,0.4332808067044074
11.65282917022705,2.0420325199665967e-06,0.001707269810140133,836.0639673691682,0.015696758404374123,0.4538680613040924,28.91476377553315,49.814405691418486,20.592011108583446,0.9927401855103402,0.9289554453847974,0.0007968449499458075,0.007424851879477501,0.003230574234699704,0.09341130400784622,0.027953237295150757,0.46978890895843506,0.3382873237133026,0.843111515045166,2.4922941415318896,23.144889886919838,15.21290362122647,0.15761540886467823,0.04657294253473345,0.022133812308311462,0.056153975427150726,0.45021432638168335,0.7862167954444885,6.4722900390625,0.18941593170166016,0.02307257242500782,0.01000000660116239,647.2285766601562,647.2413330078125,1.0,1.0,0.1467636376619339,0.10916545242071152,0.8023745351524465,0.5968207148322378,2.4456543922424316,4.689422607421875,0.46241731067240943,0.8866625626289499,2.6104135513305664,2.9538347721099854,0.6622046194001258,0.7493230450167276,9.370075225830078,2.9538347721099854,0.9537326987822412,0.300655943635897
16.84850311279297,4.487829755817074e-06,0.0010330170625820756,230.18187382065696,0.016094103455543518,0.24417567253112793,15.17174741703447,51.81992951117499,28.19921878896691,0.995652950357058,0.9560837622059221,0.0010732152732089162,0.005469572730362415,0.002564504901027016,0.0389080159332308,0.05579012632369995,0.8260533809661865,0.35538172721862793,0.7187153697013855,2.0223757009859926,24.939364627264144,18.82212811932592,0.22050221775707632,0.059227442631076356,0.03268936276435852,0.07047773152589798,0.24339045584201813,0.6341645121574402,8.32321834564209,0.29704684019088745,0.029822997748851776,0.010000003620729152,832.321533203125,832.4077758789062,1.0,1.0,0.20644517242908478,0.17580951750278473,0.7613364345917734,0.6483570899137808,1.8500843048095703,3.674525499343872,0.4497050884641883,0.8931770354737639,3.4759674072265625,4.875407695770264,0.5805228186450726,0.8142439459323604,11.084447860717773,4.8754072189331055,0.9153682087604975,0.40261750779563027
25.26408576965332,1.0612445294100326e-05,0.015648813918232918,1474.571928011013,0.01650494523346424,0.633792519569397,38.400158898095874,46.58289067468777,14.896230684335519,0.9877353307561539,0.8284558651393564,0.0018493694951757789,0.034985460340976715,0.004686573779392103,0.17996517056800665,0.08490157127380371,0.7788969278335571,0.3148346245288849,0.9489628672599792,3.014162971051856,20.97352284353188,11.390187978228054,0.12963116785868659,0.05280394083342557,0.04785773158073425,0.14194244146347046,0.6316287517547607,0.8647481203079224,16.96251106262207,0.43763160705566406,0.06068674474954605,0.010000002923569439,1696.2506103515625,1696.321044921875,1.0,1.0,0.330859512090683,0.2537839114665985,0.7934616655157385,0.6086202684666793,8.531755447387695,13.549881935119629,0.5328288345035936,0.8462230127988118,6.889199256896973,3.9755749702453613,0.8661291693678815,0.49982027204266277,23.642759323120117,3.9755749702453613,0.9861553678916901,0.1658239016767151
18.76001739501953,6.28211819275748e-06,0.002051524817943573,326.5657784517223,0.01710132509469986,0.30904027819633484,18.07113054017752,50.05635080084147,24.916643901246218,0.9939602603757935,0.9404952272469367,0.0012769646709784865,0.00806339830160141,0.0031418285104176653,0.05677639304606848,0.08211846649646759,0.8162693977355957,0.35073497891426086,0.7872017621994019,2.244434714314131,23.817365917387114,16.795225524002642,0.1805671506608718,0.04512835710711713,0.036102648824453354,0.08821222186088562,0.30852675437927246,0.7079336643218994,9.819790840148926,0.2924671173095703,0.03616620972752571,0.010000007652871111,981.9783325195312,982.093994140625,1.0,1.0,0.2464832365512848,0.2053588181734085,0.7682885752048403,0.6401037085837288,2.6894023418426514,5.136078357696533,0.4638819504130872,0.8858972155167805,3.99554443359375,5.2277445793151855,0.6072445712603584,0.7945148823860344,13.811666488647461,5.2277445793151855,0.9352480112571386,0.3539933233388988
15.648591041564941,3.816201569861732e-06,0.000723139091860503,189.49184906045295,0.01597902923822403,0.21996095776557922,13.765602057939944,51.89271044086039,29.116805453950427,0.9958561760256028,0.9488386279597798,0.0009928052313625813,0.004911505151540041,0.0025431061398226242,0.035007389581015694,0.0431901216506958,0.6851240992546082,0.32242414355278015,0.6605432033538818,2.048677856674689,25.795167136843432,19.56569321329686,0.24122355763182687,0.06518582298581374,0.028173118829727173,0.060672029852867126,0.2177744209766388,0.5924269556999207,7.790974140167236,0.2808324694633484,0.02834106981754303,0.010000005508344284,779.0969848632812,779.2237548828125,1.0,1.0,0.1982681155204773,0.15236273407936096,0.7929161210937156,0.609330793245789,1.7482588291168213,2.9650464057922363,0.5079078065814484,0.8614114748323177,3.303342342376709,3.8137688636779785,0.6547127314943013,0.755877765981114,9.607281684875488,3.8137691020965576,0.9294457443157285,0.36895883539323976
34.917354583740234,2.972128459077794e-05,0.09190654754638672,3092.2804586617335,0.01998491957783699,1.1113265752792358,55.60825856470707,42.40655626265089,7.503767502925599,0.97203392448548,0.6744753368507066,0.0031861341558396816,0.1109580248594284,0.007580051918513273,0.4215136445888847,0.15049678087234497,1.7871067523956299,0.37455329298973083,0.8704509139060974,2.3239707945378085,16.950332667319966,9.625719326990929,0.10126242188076323,0.05412208730159916,0.07706379890441895,0.18290388584136963,1.1079580783843994,0.7817168235778809,24.413211822509766,0.751735508441925,0.09036412090063095,0.010000004562661062,2441.320068359375,2441.38720703125,1.0,1.0,0.5501363277435303,0.42930588126182556,0.7883636162366541,0.6152095761634906,15.574623107910156,35.54191589355469,0.4013603884004043,0.9159205374470049,10.053289413452148,8.365177154541016,0.7686935414326702,0.6396172821834388,29.220016479492188,8.365177154541016,0.9613794731601448,0.27522604620597
15.93009090423584,3.6201886359776836e-06,0.0007037916802801192,194.40746078416717,0.015288232825696468,0.21316394209861755,13.943007313463431,48.44837454601825,25.56124472198623,0.9936307187611876,0.9168307885984526,0.0010721484431996942,0.004582710564136505,0.0037807788373916164,0.052715430265076614,0.03930708020925522,1.1911529302597046,0.2686651647090912,0.7977809906005859,2.9694247539103844,23.551292787893107,14.097846654608638,0.2570740833204585,0.09801328241196672,0.025675877928733826,0.07412770390510559,0.2110448181629181,0.7356030941009521,9.495649337768555,0.4097907841205597,0.03426548093557358,0.010000005061813907,949.564453125,949.4540405273438,1.0,1.0,0.19821909070014954,0.14150038361549377,0.8138979153677612,0.5810079485361196,2.407400131225586,2.3948583602905273,0.7089511065539182,0.7052577020935518,3.845837116241455,1.8779629468917847,0.8985893627532138,0.43879069152331934,12.569205284118652,1.8779629468917847,0.9890218138695577,0.1477695906885627
21.5810604095459,8.896812687453348e-06,0.011986818164587021,1347.3160091918453,0.017691083252429962,0.6493654251098633,36.705803474225895,47.23714690478576,15.942451865122885,0.9902080197154562,0.8804545749898084,0.0015608661342412233,0.024479545652866364,0.004346529870974584,0.15954286825560807,0.10225796699523926,0.8650143146514893,0.32975080609321594,0.8767207860946655,2.658737355282852,21.82851765281324,13.335008959894578,0.13516956682280934,0.045918179187072576,0.041221633553504944,0.11183866858482361,0.6474080085754395,0.8031995892524719,13.057775497436523,0.31122779846191406,0.046549152582883835,0.01000000625179783,1305.7767333984375,1305.90185546875,1.0,1.0,0.27742472290992737,0.26229923963546753,0.7266377458126233,0.6870207031943688,5.895240306854248,12.713700294494629,0.420668099016124,0.9072146097466998,5.185323238372803,4.873928070068359,0.7286470071188146,0.6848894346424853,18.28203010559082,4.873928070068359,0.9662518239989113,0.25759950402350845
12.085955619812012,1.8306728861716692e-06,0.00032500960514880717,177.53559775961514,0.014329608529806137,0.1909312605857849,13.324248194822667,52.038507528434664,29.545654108475055,0.9969091462779833,0.9613478743228488,0.0007099118083715439,0.0031250750180333853,0.0025007750984089323,0.03332094328036457,0.029914021492004395,0.539029061794281,0.2644782066345215,0.7404083013534546,2.79950590551536,26.715397114480183,17.773770067704667,0.3017732210781792,0.0736145683647663,0.01877099648118019,0.051935940980911255,0.1881154328584671,0.6827386617660522,6.348970413208008,0.19336557388305664,0.022757217288017273,0.01000000684954816,634.8966064453125,634.9430541992188,1.0,1.0,0.1364082545042038,0.10670771449804306,0.7876355659905919,0.6161415334409877,1.5299452543258667,1.727490782737732,0.6630066269093434,0.7486136079977518,2.588200092315674,1.8758071660995483,0.8097052467092689,0.5868367398313191,8.749728202819824,1.8758071660995483,0.9777825877795121,0.20962154966745977
19.75986099243164,8.886491741577629e-06,0.019613778218626976,2207.145270484989,0.019310398027300835,0.9072076082229614,46.980264567325904,43.304483138630154,9.866173540055579,0.9748198818120063,0.7247823134009612,0.0017339452169835567,0.049810461699962616,0.006835587602627095,0.32113771857236667,0.058239489793777466,0.7929843664169312,0.35637006163597107,0.8613672852516174,2.4170584961525097,17.98228405931495,10.31654015749877,0.09596932166341939,0.04596177153116098,0.041866485029459,0.10269702970981598,0.9047365188598633,0.7770376205444336,13.698780059814453,0.3892533779144287,0.049486249685287476,0.010000005903564363,1369.877197265625,1369.9385986328125,1.0,1.0,0.3146650493144989,0.2158290445804596,0.8246570771758825,0.5656330420589358,7.76284646987915,16.15829086303711,0.4330424070031288,0.9013736385920285,5.534085750579834,4.3544416427612305,0.7858882310826419,0.6183685244891021,16.454065322875977,4.354442119598389,0.9667205422718054,0.25583517292209024
28.999465942382812,1.4480594472843222e-05,0.015943162143230438,1101.00190797623,0.016796283423900604,0.5573233366012573,33.181348667182114,45.32014404451301,14.902262821314856,0.9861493255083069,0.806257300084765,0.0021891682408750057,0.02977975271642208,0.0054199191308506554,0.17984023189110546,0.0968441516160965,1.6357272863388062,0.30317386984825134,1.0203511714935303,3.3655643608212347,20.19057212677921,9.64941393359883,0.16627977507343344,0.06829593301884321,0.05284668505191803,0.17216351628303528,0.5572813749313354,0.934116542339325,20.53358268737793,0.5650672912597656,0.07507585734128952,0.010000005313266634,2053.357177734375,2053.82080078125,1.0,1.0,0.41079479455947876,0.2617206275463104,0.8433770088120872,0.5373221932890642,8.724808692932129,13.60479736328125,0.5398320828589178,0.8417727374862868,8.247176170349121,3.046510934829712,0.9380446048386178,0.346514138533055,29.432388305664062,3.046510934829712,0.994685658135512,0.1029587100699185
16.918909072875977,4.4424887164495885e-06,0.00870918482542038,1960.4292506522584,0.01594596542418003,0.7060352563858032,44.2767331801178,46.642329335475836,13.718817133112793,0.9850312267054444,0.8158347410885345,0.0012809347826987505,0.027720164507627487,0.004654612681342341,0.20609104728305605,0.0464593768119812,0.49143481254577637,0.34910398721694946,0.8388251662254333,2.402794573939221,19.836249707529554,12.221915885279316,0.11640974249444933,0.04848036386727796,0.03443397209048271,0.08617860078811646,0.7025112509727478,0.740473210811615,11.060052871704102,0.3423480987548828,0.040178149938583374,0.010000005863434134,1106.004638671875,1106.074462890625,1.0,1.0,0.21346589922904968,0.16497893631458282,0.7912347554745082,0.6115125123251965,5.279895305633545,10.715128898620605,0.44200438893041716,0.8970128623747695,4.597740173339844,3.7076995372772217,0.7784258991126076,0.6277365047028916,13.699124336242676,3.7076995372772217,0.9652703999987098,0.2612526558324695
6.708677291870117,1.8945668216474587e-06,0.0004180988180451095,220.6830676373522,0.026262013241648674,0.3901328146457672,14.855403927184812,47.323110969803096,23.885421367997147,0.9911924714252084,0.9374212337481815,0.0005381485098041594,0.003886721096932888,0.004303724359945022,0.06393356590411406,0.06002485752105713,0.3090935945510864,0.5395983457565308,0.7772699594497681,1.440460234102489,21.06826003006738,17.89823513313023,0.1748525156818771,0.053241893276745576,0.017567085102200508,0.02898193895816803,0.38318994641304016,0.6436678767204285,3.017925977706909,0.10351228713989258,0.010630532167851925,0.010000004898052256,301.7924499511719,301.80035400390625,1.0,1.0,0.11568596214056015,0.13288092613220215,0.6566224743235191,0.7542194480028107,1.0368705987930298,2.4031293392181396,0.3961641418999771,0.9181798323283822,1.2309757471084595,3.404266834259033,0.340049388332991,0.9404075242191393,3.94987154006958,3.4042670726776123,0.7574852766233573,0.6528521647064913
38.952266693115234,3.816496973740868e-05,0.04241232946515083,1111.2894823961817,0.020300637930631638,0.6767421960830688,33.33600640509589,43.48249432789248,13.024221905794816,0.9843573926902208,0.7567206508462713,0.0029709746595472097,0.06686435639858246,0.006696922547018238,0.22324867506891347,0.45301446318626404,1.067122459411621,0.31911394000053406,0.9984092116355896,3.128691938791263,19.553772455655043,9.646516698175244,0.14919737662256016,0.058404607923453915,0.07489018142223358,0.2351754605770111,0.6760141253471375,0.9031307697296143,28.35566520690918,0.7180004119873047,0.10368691384792328,0.010000005569559156,2835.56494140625,2835.682373046875,1.0,1.0,0.6409739255905151,0.46308451890945435,0.8105838370136557,0.5856226146070284,14.318438529968262,22.132915496826172,0.5431748504710624,0.8396197001729813,11.666913032531738,4.2887420654296875,0.9385933166748772,0.3450256831717549,38.653106689453125,4.2887420654296875,0.9939009455648184,0.11027793518282107
31.5423641204834,1.3705463970836718e-05,0.005404210649430752,394.3106676964855,0.015023205429315567,0.29831960797309875,19.85725412440757,48.08585450992142,22.127468580984264,0.9909642234913157,0.8692241811388848,0.002172381617128849,0.016567766666412354,0.003941915115216015,0.07827562642441305,0.07758033275604248,1.0207419395446777,0.2998003661632538,0.7909525036811829,2.638263968131634,22.084462537902276,13.658098271877442,0.15043886203627674,0.05833240688506213,0.05686977133154869,0.1444740891456604,0.2985609173774719,0.7291253209114075,20.456546783447266,0.590570330619812,0.07548387348651886,0.010000006041892964,2045.6534423828125,2045.7513427734375,1.0,1.0,0.3932817578315735,0.2643478512763977,0.8299404943991177,0.5578519268001111,5.614593029022217,7.551088333129883,0.5966810185113864,0.8024786577035373,8.196768760681152,4.715583324432373,0.8667947724064109,0.49866515621030627,24.49880599975586,4.715583324432373,0.9819746708862743,0.18901261486345206
24.077224731445312,1.2193593647680245e-05,0.027760405093431473,2276.638528028422,0.018563907593488693,0.8857606649398804,47.71412809933194,42.69180394290761,9.11886280665275,0.975580369755806,0.6125983676311244,0.0020124497823417187,0.06642855703830719,0.007335163579668224,0.3499910008410692,0.0984652191400528,0.8795053958892822,0.33790794014930725,1.111499547958374,3.289356111215526,17.4892245223044,7.147006190234952,0.14360797484592508,0.06619907258445129,0.04934167116880417,0.15925805270671844,0.8834229707717896,0.9938921928405762,19.162565231323242,0.583454966545105,0.07022923231124878,0.010000006648951842,1916.2552490234375,1916.3349609375,1.0,1.0,0.37109479308128357,0.24913544952869415,0.8302502570887861,0.5573906583373212,11.040984153747559,18.246179580688477,0.5177081202731951,0.8555573671101716,7.814491271972656,2.2641441822052,0.9604967428561917,0.2782910667729133,26.665874481201172,2.2641441822052,0.9964146997523966,0.084603508769179
21.376232147216797,9.08413676370401e-06,0.009511427953839302,1047.037071463141,0.018047649413347244,0.583984911441803,32.3579485653081,47.03319460021086,16.83357402367826,0.9878664340796858,0.8820931077842544,0.0016420811880379915,0.02316255308687687,0.004449797772433295,0.14398634649052755,0.07792828977108002,0.7116881608963013,0.3592769503593445,0.817279577255249,2.2747898979820884,21.053020785982312,13.91419539970294,0.12356609256564831,0.04713635628829402,0.04378039389848709,0.10553749650716782,0.5839115977287292,0.7350431680679321,12.692842483520508,0.3389548063278198,0.04638802632689476,0.010000005349601378,1269.2835693359375,1269.3748779296875,1.0,1.0,0.29150110483169556,0.2527085840702057,0.7555938440735639,0.655040572070011,5.275417804718018,11.31393814086914,0.42259471522501774,0.9063188251057637,5.339236259460449,5.520394802093506,0.6952141924355248,0.7188025829466734,16.575241088867188,5.520394802093506,0.9487636823804446,0.31598636017100934
25.739635467529297,1.6846546714077704e-05,0.028268514201045036,1678.0005232421101,0.020410941913723946,0.8361015319824219,40.96339774600223,43.63989256177686,11.391972397698979,0.9806198715338685,0.7598355582135836,0.0021778366062790155,0.05426299199461937,0.006576659429789919,0.26940234917667266,0.15316498279571533,0.8905928134918213,0.357677161693573,0.8739833831787109,2.4434978712100848,18.76732926756265,11.007089837220638,0.11420750871200902,0.04681902489457445,0.05343547463417053,0.13514789938926697,0.8331716656684875,0.800317108631134,16.934656143188477,0.5440453290939331,0.062075961381196976,0.010000004550250042,1693.46484375,1693.5794677734375,1.0,1.0,0.38805317878723145,0.35415899753570557,0.7386281009306636,0.6741132454960145,8.595983505249023,19.729684829711914,0.39942400964267594,0.9167665129717477,7.050106525421143,5.920748710632324,0.7657765514423805,0.6431066698405812,21.70288848876953,5.920748710632324,0.9647437468152231,0.2631910170852414
28.345111846923828,0.00010779332660604268,0.017848040908575058,165.5764922610203,0.04688433185219765,0.6032912135124207,12.86765086925606,39.465367116544655,17.275379591932673,0.9749972023414255,0.8543478201461675,0.003532158210873604,0.04018418490886688,0.010634856710889677,0.13684565958390682,0.28230994939804077,0.7884005308151245,0.5763261914253235,0.7160882353782654,1.2425051056716574,17.672554037501815,15.786590011018513,0.22092311816111312,0.09078334999415234,0.07468618452548981,0.1044415682554245,0.5930984616279602,0.5076277852058411,11.250975608825684,0.3918308913707733,0.04113568738102913,0.010000003492265642,1125.09716796875,1125.1749267578125,1.0,1.0,0.8303778171539307,1.0375734567642212,0.6248414733803553,0.7807517422454492,5.83590030670166,16.07372283935547,0.3412735937445625,0.9399641649021272,4.619355201721191,15.669316291809082,0.282770962727027,0.9591874752255894,12.902138710021973,15.669316291809082,0.6356484327964029,0.7719787058360206
22.569129943847656,8.367768714379054e-06,0.0035612620413303375,425.59279096836366,0.016405899077653885,0.3384520411491394,20.62989901054173,49.67516164515872,23.385218543908547,0.9927422637678032,0.9246202720356754,0.0015592508716508746,0.010737953707575798,0.0032827809525606873,0.06772345134718752,0.05593591928482056,0.9052202105522156,0.3648967146873474,0.7485473155975342,2.0513950536356793,22.731761179286647,16.49077508422322,0.15452765724428713,0.047084297543506244,0.04563646763563156,0.1023663729429245,0.33888816833496094,0.6716290712356567,12.293675422668457,0.3771228790283203,0.04456912726163864,0.010000005864626982,1229.3668212890625,1229.562744140625,1.0,1.0,0.28453102707862854,0.2369379997253418,0.7684485484414397,0.6399114494787306,3.708786725997925,6.677770137786865,0.4855342994467028,0.8742175501731106,5.034813404083252,6.517092704772949,0.6113622530584415,0.7913509716466229,15.586431503295898,6.517092704772949,0.9225982161263963,0.3857623281174039
21.931795120239258,6.868580840091454e-06,0.0014119779225438833,205.57054731048098,0.015295697376132011,0.21930557489395142,14.33772972235736,50.54996009740341,27.420351175922168,0.9956533775770738,0.9375176879055916,0.0013419988099485636,0.007010086439549923,0.0029682604795620636,0.04255812147284539,0.10777831077575684,0.8646120429039001,0.2781670391559601,0.7398552894592285,2.6597518228765176,25.35523183006364,16.85841084128021,0.2398725596268353,0.06010756733853337,0.03581491857767105,0.09455646574497223,0.21660983562469482,0.6838669180870056,12.199873924255371,0.4050102233886719,0.04387064278125763,0.010000004721520588,1219.98681640625,1219.951171875,1.0,1.0,0.2664906978607178,0.20375847816467285,0.7943988401100189,0.6073964307797275,2.7697854042053223,3.932191848754883,0.575867112767488,0.8175434686572799,5.073149681091309,3.388470411300659,0.8315680796954784,0.5554229640675808,15.868610382080078,3.388470411300659,0.9779528904821904,0.20882511784314686
